{
  "Link Color" : {
    "Red Component" : 0,
    "Color Space" : "sRGB",
    "Blue Component" : 0.73422706127166748,
    "Alpha Component" : 1,
    "Green Component" : 0.35915294289588928
  },
  "Tags" : [

  ],
  "Ansi 12 Color" : {
    "Green Component" : 0.57647058823529407,
    "Red Component" : 0.74117647058823533,
    "Blue Component" : 0.97647058823529409
  },
  "Ansi 7 Color" : {
    "Green Component" : 0.73333334922790527,
    "Red Component" : 0.73333334922790527,
    "Blue Component" : 0.73333334922790527
  },
  "Ansi 8 Color" : {
    "Green Component" : 0.33333333333333331,
    "Red Component" : 0.33333333333333331,
    "Blue Component" : 0.33333333333333331
  },
  "Bold Color" : {
    "Green Component" : 0.90237069129943848,
    "Red Component" : 0.90237069129943848,
    "Blue Component" : 0.90237069129943848
  },
  "Ansi 9 Color" : {
    "Green Component" : 0.33333333333333331,
    "Red Component" : 1,
    "Blue Component" : 0.33333333333333331
  },
  "Ansi 0 Color" : {
    "Green Component" : 0,
    "Red Component" : 0,
    "Blue Component" : 0
  },
  "Guid" : "428EC182-5802-4549-B03B-3F245888EAA5",
  "Rows" : 40,
  "Default Bookmark" : "No",
  "Blend" : 0.50303866621376814,
  "Cursor Guide Color" : {
    "Red Component" : 0.70214027166366577,
    "Color Space" : "sRGB",
    "Blue Component" : 1,
    "Alpha Component" : 0.25,
    "Green Component" : 0.92681378126144409
  },
  "Non-ASCII Anti Aliased" : true,
  "Use Bright Bold" : true,
  "Ansi 10 Color" : {
    "Green Component" : 0.98039215686274506,
    "Red Component" : 0.31372549019607843,
    "Blue Component" : 0.4823529411764706
  },
  "Icon" : 0,
  "Ambiguous Double Width" : false,
  "Jobs to Ignore" : [
    "rlogin",
    "ssh",
    "slogin",
    "telnet"
  ],
  "Show Status Bar" : true,
  "Ansi 15 Color" : {
    "Green Component" : 1,
    "Red Component" : 1,
    "Blue Component" : 1
  },
  "Foreground Color" : {
    "Green Component" : 0.90032327175140381,
    "Red Component" : 0.90032327175140381,
    "Blue Component" : 0.90032327175140381
  },
  "Working Directory" : "\/Users\/ry",
  "Blinking Cursor" : true,
  "Disable Window Resizing" : true,
  "Sync Title" : false,
  "Prompt Before Closing 2" : false,
  "BM Growl" : true,
  "Command" : "",
  "Description" : "Default",
  "Mouse Reporting" : true,
  "Screen" : -1,
  "Selection Color" : {
    "Green Component" : 0.27843138575553894,
    "Red Component" : 0.26666668057441711,
    "Blue Component" : 0.35294118523597717
  },
  "Columns" : 128,
  "Idle Code" : 0,
  "Ansi 13 Color" : {
    "Green Component" : 0.47450980392156861,
    "Red Component" : 1,
    "Blue Component" : 0.77647058823529413
  },
  "Custom Command" : "No",
  "ASCII Anti Aliased" : true,
  "Non Ascii Font" : "Monaco 12",
  "Vertical Spacing" : 1,
  "Use Bold Font" : true,
  "Option Key Sends" : 2,
  "Selected Text Color" : {
    "Green Component" : 1,
    "Red Component" : 1,
    "Blue Component" : 1
  },
  "Background Color" : {
    "Green Component" : 0.12215272337198257,
    "Red Component" : 0.11765811592340469,
    "Blue Component" : 0.15977837145328522
  },
  "Character Encoding" : 4,
  "Ansi 11 Color" : {
    "Green Component" : 0.98039215686274506,
    "Red Component" : 0.94509803921568625,
    "Blue Component" : 0.5490196078431373
  },
  "Use Italic Font" : true,
  "Unlimited Scrollback" : true,
  "Keyboard Map" : {
    "0xf700-0x260000" : {
      "Action" : 10,
      "Text" : "[1;6A"
    },
    "0x37-0x40000" : {
      "Action" : 11,
      "Text" : "0x1f"
    },
    "0x32-0x40000" : {
      "Action" : 11,
      "Text" : "0x00"
    },
    "0xf709-0x20000" : {
      "Action" : 10,
      "Text" : "[17;2~"
    },
    "0xf70c-0x20000" : {
      "Action" : 10,
      "Text" : "[20;2~"
    },
    "0xf729-0x20000" : {
      "Action" : 10,
      "Text" : "[1;2H"
    },
    "0xf72b-0x40000" : {
      "Action" : 10,
      "Text" : "[1;5F"
    },
    "0xf705-0x20000" : {
      "Action" : 10,
      "Text" : "[1;2Q"
    },
    "0xf703-0x260000" : {
      "Action" : 10,
      "Text" : "[1;6C"
    },
    "0xf700-0x220000" : {
      "Action" : 10,
      "Text" : "[1;2A"
    },
    "0xf701-0x280000" : {
      "Action" : 11,
      "Text" : "0x1b 0x1b 0x5b 0x42"
    },
    "0x38-0x40000" : {
      "Action" : 11,
      "Text" : "0x7f"
    },
    "0x33-0x40000" : {
      "Action" : 11,
      "Text" : "0x1b"
    },
    "0xf703-0x220000" : {
      "Action" : 10,
      "Text" : "[1;2C"
    },
    "0xf701-0x240000" : {
      "Action" : 10,
      "Text" : "[1;5B"
    },
    "0xf70d-0x20000" : {
      "Action" : 10,
      "Text" : "[21;2~"
    },
    "0xf702-0x260000" : {
      "Action" : 10,
      "Text" : "[1;6D"
    },
    "0xf729-0x40000" : {
      "Action" : 10,
      "Text" : "[1;5H"
    },
    "0xf706-0x20000" : {
      "Action" : 10,
      "Text" : "[1;2R"
    },
    "0x34-0x40000" : {
      "Action" : 11,
      "Text" : "0x1c"
    },
    "0xf700-0x280000" : {
      "Action" : 11,
      "Text" : "0x1b 0x1b 0x5b 0x41"
    },
    "0x2d-0x40000" : {
      "Action" : 11,
      "Text" : "0x1f"
    },
    "0xf70e-0x20000" : {
      "Action" : 10,
      "Text" : "[23;2~"
    },
    "0xf702-0x220000" : {
      "Action" : 10,
      "Text" : "[1;2D"
    },
    "0xf703-0x280000" : {
      "Action" : 11,
      "Text" : "0x1b 0x1b 0x5b 0x43"
    },
    "0xf700-0x240000" : {
      "Action" : 10,
      "Text" : "[1;5A"
    },
    "0xf707-0x20000" : {
      "Action" : 10,
      "Text" : "[1;2S"
    },
    "0xf70a-0x20000" : {
      "Action" : 10,
      "Text" : "[18;2~"
    },
    "0x35-0x40000" : {
      "Action" : 11,
      "Text" : "0x1d"
    },
    "0xf70f-0x20000" : {
      "Action" : 10,
      "Text" : "[24;2~"
    },
    "0xf703-0x240000" : {
      "Action" : 10,
      "Text" : "[1;5C"
    },
    "0xf701-0x260000" : {
      "Action" : 10,
      "Text" : "[1;6B"
    },
    "0xf702-0x280000" : {
      "Action" : 11,
      "Text" : "0x1b 0x1b 0x5b 0x44"
    },
    "0xf72b-0x20000" : {
      "Action" : 10,
      "Text" : "[1;2F"
    },
    "0x36-0x40000" : {
      "Action" : 11,
      "Text" : "0x1e"
    },
    "0xf708-0x20000" : {
      "Action" : 10,
      "Text" : "[15;2~"
    },
    "0xf701-0x220000" : {
      "Action" : 10,
      "Text" : "[1;2B"
    },
    "0xf70b-0x20000" : {
      "Action" : 10,
      "Text" : "[19;2~"
    },
    "0xf702-0x240000" : {
      "Action" : 10,
      "Text" : "[1;5D"
    },
    "0xf704-0x20000" : {
      "Action" : 10,
      "Text" : "[1;2P"
    }
  },
  "Window Type" : 0,
  "Blur Radius" : 0.10000000000000001,
  "Background Image Location" : "",
  "Blur" : false,
  "Badge Color" : {
    "Red Component" : 1,
    "Color Space" : "sRGB",
    "Blue Component" : 0,
    "Alpha Component" : 0.5,
    "Green Component" : 0.14910030364990234
  },
  "Scrollback Lines" : 0,
  "Send Code When Idle" : false,
  "Close Sessions On End" : true,
  "Terminal Type" : "xterm-256color",
  "Visual Bell" : true,
  "Flashing Bell" : false,
  "Status Bar Layout" : {
    "components" : [
      {
        "class" : "iTermStatusBarHostnameComponent",
        "configuration" : {
          "knobs" : {
            "path" : "hostname",
            "base: priority" : 5,
            "base: compression resistance" : 1,
            "shared text color" : {
              "Red Component" : 0.5,
              "Color Space" : "sRGB",
              "Blue Component" : 0.25,
              "Alpha Component" : 1,
              "Green Component" : 0.25
            }
          },
          "layout advanced configuration dictionary value" : {
            "auto-rainbow style" : 0,
            "algorithm" : 0,
            "remove empty components" : false
          }
        }
      },
      {
        "class" : "iTermStatusBarSpringComponent",
        "configuration" : {
          "knobs" : {
            "iTermStatusBarSpringComponentSizeMultipleKey" : 1,
            "shared text color" : {
              "Red Component" : 0.5,
              "Color Space" : "sRGB",